{
    "sacrebleu": 47.61893988000897,
    "rouge1": 0.5547627929893981,
    "rouge2": 0.3270029190662922,
    "rougeL": 0.4296321455113734,
    "rougeLsum": 0.4890579726202026,
    "meteor": 0.49632295778523655,
    "bertscore": 0.9049896001815796,
    "cer": 0.6500604871424969,
    "nist_mt": 4.004248239961088,
    "chrf": 51.986146109778986,
    "cosine_similarity": 0.8234139522537589
}