{
    "chrf": 41.678537535212534,
    "cer": 0.8084314241498584,
    "meteor": 0.3253862156527709,
    "nist_mt": 2.182481979866367,
    "cosine_similarity": 0.7352255692705512,
    "sacrebleu": 27.215618655145295,
    "bertscore": 0.8739221692085266,
    "rouge1": 0.41237871519085484,
    "rouge2": 0.21393188589554585,
    "rougeL": 0.2967187672511563,
    "rougeLsum": 0.3551384192652561
}