{
    "sacrebleu": 40.74200659985251,
    "bertscore": 0.8962833881378174,
    "chrf": 48.75798334084684,
    "cer": 0.6916980406088039,
    "cosine_similarity": 0.7858388233929873,
    "meteor": 0.445004794974796,
    "nist_mt": 3.373206713802999,
    "rouge1": 0.5163289444270238,
    "rouge2": 0.2907997756456202,
    "rougeL": 0.3912184381790579,
    "rougeLsum": 0.45019225929773043
}