{
  "levenshtein": 0.152317880794702,
  "jaccard": 0.034482758620689655,
  "lcs": 0.1986754966887417,
  "cosine_similarity": 0.2213960587978363
}