{
    "sacrebleu": 49.23162947083175,
    "rouge1": 0.6180833990883365,
    "rouge2": 0.4285355578900323,
    "rougeL": 0.5265903801512124,
    "rougeLsum": 0.5541706360382069,
    "meteor": 0.5972013231457882,
    "bertscore": 0.9301896095275879,
    "cer": 0.5363842683758687,
    "nist_mt": 3.5679341516757104,
    "chrf": 58.67801919870295,
    "cosine_similarity": 0.8370810950174927
}