{
  "levenshtein": 0.22516556291390732,
  "jaccard": 0.05405405405405406,
  "lcs": 0.304635761589404,
  "cosine_similarity": 0.1824897974729538
}