{
    "meteor": 0.47887960234429916,
    "sacrebleu": 28.37598517799579,
    "bertscore": 0.8987236618995667,
    "chrf": 50.17137600465297,
    "cer": 0.6831259449804918,
    "cosine_similarity": 0.7885621648281813,
    "nist_mt": 2.7854572768544816,
    "rouge1": 0.5009258012759759,
    "rouge2": 0.28910643067038566,
    "rougeL": 0.380245862026258,
    "rougeLsum": 0.42969263333283136
}