{
    "levenshtein": 0.16556291390728473,
    "jaccard": 0.04093567251461988,
    "lcs": 0.1986754966887417,
    "cosine_similarity": 0.29971814155578613
}