{
    "nist_mt": 3.5071077887533706,
    "meteor": 0.587259630375076,
    "cosine_similarity": 0.8303668634966016,
    "cer": 0.5596956639406364,
    "bertscore": 0.9299874901771545,
    "chrf": 57.684841412354416,
    "sacrebleu": 48.22685230835195,
    "rouge1": 0.6091513793265191,
    "rouge2": 0.4176401917683913,
    "rougeL": 0.5153854659999195,
    "rougeLsum": 0.5439301170324875
}