{
    "levenshtein": 0.11920529801324509,
    "jaccard": 0.0,
    "lcs": 0.12582781456953643,
    "cosine_similarity": 0.3244461417198181
}