{
    "sacrebleu": 49.20773026319061,
    "rouge1": 0.5848396985206106,
    "rouge2": 0.35377412687896115,
    "rougeL": 0.45762710065192713,
    "rougeLsum": 0.49447466675879526,
    "meteor": 0.5147449131111473,
    "bertscore": 0.9123541116714478,
    "cer": 0.6181819388409658,
    "nist_mt": 4.060425981189676,
    "chrf": 53.327861026619026,
    "cosine_similarity": 0.846541197411716
}