{"train/loss": 0.0006, "train/grad_norm": 0.008593101054430008, "train/learning_rate": 0.0, "train/epoch": 10.0, "train/global_step": 1600, "_timestamp": 1781584397.2575572, "_runtime": 1194.3533911705017, "_step": 162, "train_runtime": 816.5071, "train_samples_per_second": 7.838, "train_steps_per_second": 1.96, "total_flos": 2.0284774974160896e+16, "train_loss": 0.058155995137203716, "strategy": "prompt_obfuscation_finetuning", "runtime_s": 1203.000970580615, "epoch": 10.0, "_wandb": {"runtime": 1193}}