{
    "sacrebleu": 47.397560717989855,
    "rouge1": 0.5995523372141871,
    "rouge2": 0.40980506381871995,
    "rougeL": 0.5124266618813382,
    "rougeLsum": 0.5370553923642356,
    "meteor": 0.5745025873149207,
    "bertscore": 0.9295860528945923,
    "cer": 0.5607737484260958,
    "nist_mt": 3.166690829300827,
    "chrf": 56.36787575468533,
    "cosine_similarity": 0.8330012060701847
}