{
    "sacrebleu": 49.462474233011925,
    "rouge1": 0.5747887000681167,
    "rouge2": 0.34960441303702594,
    "rougeL": 0.4553525557049124,
    "rougeLsum": 0.4899467205647432,
    "meteor": 0.5021769064509896,
    "bertscore": 0.9111533164978027,
    "cer": 0.6214719686821111,
    "nist_mt": 3.9925759568292376,
    "chrf": 52.854768533170706,
    "cosine_similarity": 0.840878545306623
}