{
    "sacrebleu": 33.165441569743045,
    "rouge1": 0.5065079325103228,
    "rouge2": 0.2944671346995168,
    "rougeL": 0.39856413709643373,
    "rougeLsum": 0.4393879232367531,
    "meteor": 0.4862168465402303,
    "bertscore": 0.9051486849784851,
    "cer": 0.6647162859551388,
    "nist_mt": 2.964193781830701,
    "chrf": 51.55528226394692,
    "cosine_similarity": 0.7759625285863876
}