{
    "levenshtein": 0.21192052980132448,
    "jaccard": 0.06857142857142857,
    "lcs": 0.26490066225165565,
    "cosine_similarity": 0.21208234131336212
}