{
    "sacrebleu": 49.18710465339442,
    "rouge1": 0.5758410626677031,
    "rouge2": 0.34918880915737316,
    "rougeL": 0.4539522669263194,
    "rougeLsum": 0.4928964392319366,
    "meteor": 0.5038762109715672,
    "bertscore": 0.9111753106117249,
    "cer": 0.6282421100480029,
    "nist_mt": 3.9336894758618683,
    "chrf": 52.703560673445935,
    "cosine_similarity": 0.8429934449493885
}