{
    "sacrebleu": 44.21821410305657,
    "rouge1": 0.5551527693474432,
    "rouge2": 0.32087875292622264,
    "rougeL": 0.4237917339413545,
    "rougeLsum": 0.4640307531118251,
    "meteor": 0.4930462017259836,
    "bertscore": 0.905052661895752,
    "cer": 0.6364346584909348,
    "nist_mt": 3.793769482247589,
    "chrf": 51.802748816506835,
    "cosine_similarity": 0.8350098725408316
}