{
    "meteor": 0.30586276049116307,
    "chrf": 40.95619611519212,
    "cosine_similarity": 0.7817242862656713,
    "sacrebleu": 19.111273994648897,
    "nist_mt": 2.140748883102924,
    "bertscore": 0.857240617275238,
    "cer": 0.7708733931773892,
    "rouge1": 0.3718641113871291,
    "rouge2": 0.15537701208742244,
    "rougeL": 0.2615081326674179,
    "rougeLsum": 0.3040268533060665
}