{
    "levenshtein": 0.17567567567567566,
    "jaccard": 0.04666666666666667,
    "lcs": 0.20270270270270271,
    "cosine_similarity": 0.47526028752326965
}