{
    "chrf": 53.34625617163922,
    "meteor": 0.5111250166635659,
    "cer": 0.6172987343689,
    "bertscore": 0.9121710062026978,
    "sacrebleu": 48.474533002102184,
    "cosine_similarity": 0.8441725343465805,
    "nist_mt": 4.025154462085853,
    "rouge1": 0.5778437072494884,
    "rouge2": 0.34963608342239005,
    "rougeL": 0.45441513906451825,
    "rougeLsum": 0.4876273952374965
}