{
  "levenshtein": 0.22972972972972971,
  "jaccard": 0.08387096774193549,
  "lcs": 0.25675675675675674,
  "cosine_similarity": 0.45602428913116455
}