{
    "sacrebleu": 49.1962375910658,
    "rouge1": 0.5846191373826708,
    "rouge2": 0.35506559018573003,
    "rougeL": 0.46058030975516984,
    "rougeLsum": 0.4940701410017726,
    "meteor": 0.5169937383802854,
    "bertscore": 0.9121540188789368,
    "cer": 0.6118055008091007,
    "nist_mt": 4.072309000774339,
    "chrf": 53.49901409108296,
    "cosine_similarity": 0.8475959254428744
}