{
  "levenshtein": 0.2364864864864865,
  "jaccard": 0.06818181818181818,
  "lcs": 0.28378378378378377,
  "cosine_similarity": 0.23167282342910767
}