{
    "levenshtein": 0.16216216216216217,
    "jaccard": 0.0641025641025641,
    "lcs": 0.19594594594594594,
    "cosine_similarity": 0.38672301173210144
}