{
    "levenshtein": 0.11486486486486491,
    "jaccard": 0.0,
    "lcs": 0.12162162162162163,
    "cosine_similarity": 0.2684501111507416
}